{
  "cities": ["Stockholm", "Göteborg", "Malmö"],
  "areas": {
    "Stockholm": [
      "Vaxholm",
      "Upplands Väsby",
      "Vallentuna",
      "Täby",
      "Danderyd",
      "Sollentuna",
      "Järfälla",
      "Lidingö",
      "Västerhaninge",
      "Dalarö",
      "Tyresö",
      "Södertälje",
      "Rönninge",
      "Tumba",
      "Grödinge",
      "Ekerö",
      "Drottningholm",
      "Bro",
      "Värmdö",
      "Vårby",
      "Tullinge",
      "Saltsjö",
      "Saltsjöbaden",
      "Hammarby",
      "Årsta",
      "Enskede Gård",
      "Sjöstad",
      "Nacka",
      "Södermalm",
      "Norrmalm / Gamla Stan",
      "Solna",
      "Älta",
      "Gärdet / Djurgården",
      "Östermalm",
      "Vasastan",
      "Sundbyberg",
      "Kista",
      "Spånga",
      "Färingsö",
      "Gustavsberg",
      "Vällingby",
      "Skärholmen",
      "Norsborg",
      "Kungsholmen / Essingeöarna",
      "Kallhäll",
      "Kungsängen",
      "Johanneshov / Enskededalen",
      "Huddinge",
      "Bromma",
      "Hägersten",
      "Saltsjö-Boo",
      "Hässelby",
      "Haninge",
      "Farsta",
      "Skogås/Trångsund",
      "Älvsjö",
      "Enskede",
      "Bagarmossen / Skarpnäck / Sköndal",
      "Åkersberga",
      "Bandhagen / Högdalen",
      "Sigtuna",
      "Märsta / Rosersberg"
    ],
    "Göteborg": [
      "Asperö, Brännö, Donsö, Köpstadsö, Styrsö, Vrå",
      "Angered",
      "Älvsborg / Västra Frölunda",
      "Kållered",
      "Billdal",
      "Hisingen / Kyrkbyn / Eriksberg",
      "Hisings backa",
      "Mölndal",
      "Örgryte / Johanneberg",
      "Nordstaden / Vasastaden / Johanneberg",
      "Stampen / Olskroken / Kålltorp / Härlanda",
      "Lundby / Eriksberg",
      "Landvetter",
      "Torslanda",
      "Hisings kärra",
      "Bohus",
      "Gamlestaden / Kortedala / Bergsjön",
      "Västra Frölunda / Askim",
      "Askim / Hovås",
      "Lindome",
      "Mölnlycke",
      "Lerum",
      "Partille",
      "Linnéstaden / Annedal / Guldheden / Masthugge",
      "Majorna / Högsbo / Linnéstaden",
      "Kungälv / Marstrand"
    ],
    "Malmö": ["Limhamn", "Malmö"]
  }
}
